--------------------------------------------------------
--  파일이 생성됨 - 월요일-4월-20-2020   
--------------------------------------------------------
--------------------------------------------------------
--  DDL for Table BEANS
--------------------------------------------------------

  CREATE TABLE "GENIE"."BEANS" 
   (	"INFO_NO" NUMBER(10,0), 
	"COUN_NO" NUMBER(10,0), 
	"BEANS_AROMA" NUMBER(10,0), 
	"BEANS_ACIDITY" NUMBER(10,0), 
	"BEANS_SWEET" NUMBER(10,0), 
	"BEANS_BITTER" NUMBER(10,0), 
	"BEANS_BODY" NUMBER(10,0), 
	"INFO_TITLE" VARCHAR2(100 BYTE), 
	"INFO_CONT" CLOB, 
	"INFO_FILE" VARCHAR2(3000 BYTE)
   ) SEGMENT CREATION IMMEDIATE 
  PCTFREE 10 PCTUSED 40 INITRANS 1 MAXTRANS 255 NOCOMPRESS LOGGING
  STORAGE(INITIAL 65536 NEXT 1048576 MINEXTENTS 1 MAXEXTENTS 2147483645
  PCTINCREASE 0 FREELISTS 1 FREELIST GROUPS 1 BUFFER_POOL DEFAULT FLASH_CACHE DEFAULT CELL_FLASH_CACHE DEFAULT)
  TABLESPACE "SYSTEM" 
 LOB ("INFO_CONT") STORE AS BASICFILE (
  TABLESPACE "SYSTEM" ENABLE STORAGE IN ROW CHUNK 8192 RETENTION 
  NOCACHE LOGGING 
  STORAGE(INITIAL 65536 NEXT 1048576 MINEXTENTS 1 MAXEXTENTS 2147483645
  PCTINCREASE 0 FREELISTS 1 FREELIST GROUPS 1 BUFFER_POOL DEFAULT FLASH_CACHE DEFAULT CELL_FLASH_CACHE DEFAULT)) ;
--------------------------------------------------------
--  DDL for Table INFO
--------------------------------------------------------

  CREATE TABLE "GENIE"."INFO" 
   (	"INFO_NO" NUMBER(10,0), 
	"INFO_GENRE" VARCHAR2(10 BYTE), 
	"INFO_TITLE" VARCHAR2(100 BYTE), 
	"INFO_CONT" CLOB, 
	"INFO_HIT" NUMBER(5,0) DEFAULT 0, 
	"INFO_DATE" DATE, 
	"INFO_FILE" VARCHAR2(3000 BYTE)
   ) SEGMENT CREATION IMMEDIATE 
  PCTFREE 10 PCTUSED 40 INITRANS 1 MAXTRANS 255 NOCOMPRESS LOGGING
  STORAGE(INITIAL 65536 NEXT 1048576 MINEXTENTS 1 MAXEXTENTS 2147483645
  PCTINCREASE 0 FREELISTS 1 FREELIST GROUPS 1 BUFFER_POOL DEFAULT FLASH_CACHE DEFAULT CELL_FLASH_CACHE DEFAULT)
  TABLESPACE "SYSTEM" 
 LOB ("INFO_CONT") STORE AS BASICFILE (
  TABLESPACE "SYSTEM" ENABLE STORAGE IN ROW CHUNK 8192 RETENTION 
  NOCACHE LOGGING 
  STORAGE(INITIAL 65536 NEXT 1048576 MINEXTENTS 1 MAXEXTENTS 2147483645
  PCTINCREASE 0 FREELISTS 1 FREELIST GROUPS 1 BUFFER_POOL DEFAULT FLASH_CACHE DEFAULT CELL_FLASH_CACHE DEFAULT)) ;
--------------------------------------------------------
--  DDL for Table COUNTRY
--------------------------------------------------------

  CREATE TABLE "GENIE"."COUNTRY" 
   (	"INFO_NO" NUMBER(10,0), 
	"COUN_NO" NUMBER(10,0), 
	"COUN_7" VARCHAR2(30 BYTE), 
	"COUN_ADD" VARCHAR2(300 BYTE), 
	"INFO_TITLE" VARCHAR2(100 BYTE), 
	"INFO_CONT" CLOB, 
	"INFO_FILE" VARCHAR2(3000 BYTE)
   ) SEGMENT CREATION IMMEDIATE 
  PCTFREE 10 PCTUSED 40 INITRANS 1 MAXTRANS 255 NOCOMPRESS LOGGING
  STORAGE(INITIAL 65536 NEXT 1048576 MINEXTENTS 1 MAXEXTENTS 2147483645
  PCTINCREASE 0 FREELISTS 1 FREELIST GROUPS 1 BUFFER_POOL DEFAULT FLASH_CACHE DEFAULT CELL_FLASH_CACHE DEFAULT)
  TABLESPACE "SYSTEM" 
 LOB ("INFO_CONT") STORE AS BASICFILE (
  TABLESPACE "SYSTEM" ENABLE STORAGE IN ROW CHUNK 8192 RETENTION 
  NOCACHE LOGGING 
  STORAGE(INITIAL 65536 NEXT 1048576 MINEXTENTS 1 MAXEXTENTS 2147483645
  PCTINCREASE 0 FREELISTS 1 FREELIST GROUPS 1 BUFFER_POOL DEFAULT FLASH_CACHE DEFAULT CELL_FLASH_CACHE DEFAULT)) ;
--------------------------------------------------------
--  DDL for Table EXTRA
--------------------------------------------------------

  CREATE TABLE "GENIE"."EXTRA" 
   (	"INFO_NO" NUMBER(10,0), 
	"EXTRA_GENRE" VARCHAR2(30 BYTE), 
	"INFO_TITLE" VARCHAR2(100 BYTE), 
	"INFO_CONT" CLOB, 
	"INFO_FILE" VARCHAR2(3000 BYTE)
   ) SEGMENT CREATION IMMEDIATE 
  PCTFREE 10 PCTUSED 40 INITRANS 1 MAXTRANS 255 NOCOMPRESS LOGGING
  STORAGE(INITIAL 65536 NEXT 1048576 MINEXTENTS 1 MAXEXTENTS 2147483645
  PCTINCREASE 0 FREELISTS 1 FREELIST GROUPS 1 BUFFER_POOL DEFAULT FLASH_CACHE DEFAULT CELL_FLASH_CACHE DEFAULT)
  TABLESPACE "SYSTEM" 
 LOB ("INFO_CONT") STORE AS BASICFILE (
  TABLESPACE "SYSTEM" ENABLE STORAGE IN ROW CHUNK 8192 RETENTION 
  NOCACHE LOGGING 
  STORAGE(INITIAL 65536 NEXT 1048576 MINEXTENTS 1 MAXEXTENTS 2147483645
  PCTINCREASE 0 FREELISTS 1 FREELIST GROUPS 1 BUFFER_POOL DEFAULT FLASH_CACHE DEFAULT CELL_FLASH_CACHE DEFAULT)) ;
REM INSERTING into GENIE.BEANS
SET DEFINE OFF;
Insert into GENIE.BEANS (INFO_NO,COUN_NO,BEANS_AROMA,BEANS_ACIDITY,BEANS_SWEET,BEANS_BITTER,BEANS_BODY,INFO_TITLE,INFO_FILE) values (20,101,4,2,3,2,4,'자바',null);
Insert into GENIE.BEANS (INFO_NO,COUN_NO,BEANS_AROMA,BEANS_ACIDITY,BEANS_SWEET,BEANS_BITTER,BEANS_BODY,INFO_TITLE,INFO_FILE) values (23,101,4,4,3,2,3,'인도네시아 가요 마운틴',null);
Insert into GENIE.BEANS (INFO_NO,COUN_NO,BEANS_AROMA,BEANS_ACIDITY,BEANS_SWEET,BEANS_BITTER,BEANS_BODY,INFO_TITLE,INFO_FILE) values (24,101,4,5,3,2,4,'인도네시아 토라자',null);
Insert into GENIE.BEANS (INFO_NO,COUN_NO,BEANS_AROMA,BEANS_ACIDITY,BEANS_SWEET,BEANS_BITTER,BEANS_BODY,INFO_TITLE,INFO_FILE) values (25,102,5,4,4,3,4,'인도 몬순드 말리바',null);
Insert into GENIE.BEANS (INFO_NO,COUN_NO,BEANS_AROMA,BEANS_ACIDITY,BEANS_SWEET,BEANS_BITTER,BEANS_BODY,INFO_TITLE,INFO_FILE) values (26,201,5,5,3,2,3,'콜롬비아 수프리모',null);
Insert into GENIE.BEANS (INFO_NO,COUN_NO,BEANS_AROMA,BEANS_ACIDITY,BEANS_SWEET,BEANS_BITTER,BEANS_BODY,INFO_TITLE,INFO_FILE) values (27,201,5,5,3,2,3,'엑셀소 디카페인',null);
Insert into GENIE.BEANS (INFO_NO,COUN_NO,BEANS_AROMA,BEANS_ACIDITY,BEANS_SWEET,BEANS_BITTER,BEANS_BODY,INFO_TITLE,INFO_FILE) values (28,202,5,4,3,3,4,'과테말라 SHB',null);
Insert into GENIE.BEANS (INFO_NO,COUN_NO,BEANS_AROMA,BEANS_ACIDITY,BEANS_SWEET,BEANS_BITTER,BEANS_BODY,INFO_TITLE,INFO_FILE) values (29,203,3,4,3,3,3,'니카라과 SHB',null);
Insert into GENIE.BEANS (INFO_NO,COUN_NO,BEANS_AROMA,BEANS_ACIDITY,BEANS_SWEET,BEANS_BITTER,BEANS_BODY,INFO_TITLE,INFO_FILE) values (30,204,4,3,3,2,2,'알투라SHB',null);
Insert into GENIE.BEANS (INFO_NO,COUN_NO,BEANS_AROMA,BEANS_ACIDITY,BEANS_SWEET,BEANS_BITTER,BEANS_BODY,INFO_TITLE,INFO_FILE) values (31,205,4,3,3,2,2,'펜시SHB',null);
Insert into GENIE.BEANS (INFO_NO,COUN_NO,BEANS_AROMA,BEANS_ACIDITY,BEANS_SWEET,BEANS_BITTER,BEANS_BODY,INFO_TITLE,INFO_FILE) values (32,206,3,3,4,3,2,'코스타리카 SHB',null);
Insert into GENIE.BEANS (INFO_NO,COUN_NO,BEANS_AROMA,BEANS_ACIDITY,BEANS_SWEET,BEANS_BITTER,BEANS_BODY,INFO_TITLE,INFO_FILE) values (33,207,5,4,3,4,3,'파나마 SHB',null);
Insert into GENIE.BEANS (INFO_NO,COUN_NO,BEANS_AROMA,BEANS_ACIDITY,BEANS_SWEET,BEANS_BITTER,BEANS_BODY,INFO_TITLE,INFO_FILE) values (34,208,2,4,3,2,1,'도미니카 AA',null);
Insert into GENIE.BEANS (INFO_NO,COUN_NO,BEANS_AROMA,BEANS_ACIDITY,BEANS_SWEET,BEANS_BITTER,BEANS_BODY,INFO_TITLE,INFO_FILE) values (35,209,4,3,3,2,2,'산토스',null);
Insert into GENIE.BEANS (INFO_NO,COUN_NO,BEANS_AROMA,BEANS_ACIDITY,BEANS_SWEET,BEANS_BITTER,BEANS_BODY,INFO_TITLE,INFO_FILE) values (36,209,4,3,3,2,2,'산토스 디카페인',null);
Insert into GENIE.BEANS (INFO_NO,COUN_NO,BEANS_AROMA,BEANS_ACIDITY,BEANS_SWEET,BEANS_BITTER,BEANS_BODY,INFO_TITLE,INFO_FILE) values (37,210,3,4,2,2,3,'SHG',null);
Insert into GENIE.BEANS (INFO_NO,COUN_NO,BEANS_AROMA,BEANS_ACIDITY,BEANS_SWEET,BEANS_BITTER,BEANS_BODY,INFO_TITLE,INFO_FILE) values (38,211,5,4,4,3,4,'HB GRADE1',null);
Insert into GENIE.BEANS (INFO_NO,COUN_NO,BEANS_AROMA,BEANS_ACIDITY,BEANS_SWEET,BEANS_BITTER,BEANS_BODY,INFO_TITLE,INFO_FILE) values (39,301,4,5,3,3,4,'예가체프',null);
Insert into GENIE.BEANS (INFO_NO,COUN_NO,BEANS_AROMA,BEANS_ACIDITY,BEANS_SWEET,BEANS_BITTER,BEANS_BODY,INFO_TITLE,INFO_FILE) values (42,303,5,3,3,4,4,'말라위 AAA+',null);
Insert into GENIE.BEANS (INFO_NO,COUN_NO,BEANS_AROMA,BEANS_ACIDITY,BEANS_SWEET,BEANS_BITTER,BEANS_BODY,INFO_TITLE,INFO_FILE) values (43,304,4,5,3,3,4,'짐바브웨 AA+',null);
Insert into GENIE.BEANS (INFO_NO,COUN_NO,BEANS_AROMA,BEANS_ACIDITY,BEANS_SWEET,BEANS_BITTER,BEANS_BODY,INFO_TITLE,INFO_FILE) values (44,305,4,5,3,3,4,'케냐 AA',null);
Insert into GENIE.BEANS (INFO_NO,COUN_NO,BEANS_AROMA,BEANS_ACIDITY,BEANS_SWEET,BEANS_BITTER,BEANS_BODY,INFO_TITLE,INFO_FILE) values (45,306,4,5,3,3,4,'탄자니아 AA',null);
Insert into GENIE.BEANS (INFO_NO,COUN_NO,BEANS_AROMA,BEANS_ACIDITY,BEANS_SWEET,BEANS_BITTER,BEANS_BODY,INFO_TITLE,INFO_FILE) values (41,302,2,3,3,3,4,'르완다 AB+',null);
Insert into GENIE.BEANS (INFO_NO,COUN_NO,BEANS_AROMA,BEANS_ACIDITY,BEANS_SWEET,BEANS_BITTER,BEANS_BODY,INFO_TITLE,INFO_FILE) values (40,301,4,5,3,3,4,'에티오피아 시다모 G2',null);
Insert into GENIE.BEANS (INFO_NO,COUN_NO,BEANS_AROMA,BEANS_ACIDITY,BEANS_SWEET,BEANS_BITTER,BEANS_BODY,INFO_TITLE,INFO_FILE) values (21,101,4,2,5,2,4,'인도네시아 만델링',null);
Insert into GENIE.BEANS (INFO_NO,COUN_NO,BEANS_AROMA,BEANS_ACIDITY,BEANS_SWEET,BEANS_BITTER,BEANS_BODY,INFO_TITLE,INFO_FILE) values (22,101,4,2,3,2,3,'인도네시아 발리 칸타마니',null);
REM INSERTING into GENIE.INFO
SET DEFINE OFF;
Insert into GENIE.INFO (INFO_NO,INFO_GENRE,INFO_TITLE,INFO_HIT,INFO_DATE,INFO_FILE) values (1,'country',null,4,to_date('20/04/14','RR/MM/DD'),null);
Insert into GENIE.INFO (INFO_NO,INFO_GENRE,INFO_TITLE,INFO_HIT,INFO_DATE,INFO_FILE) values (2,'country',null,6,to_date('20/04/14','RR/MM/DD'),null);
Insert into GENIE.INFO (INFO_NO,INFO_GENRE,INFO_TITLE,INFO_HIT,INFO_DATE,INFO_FILE) values (3,'country',null,4,to_date('20/04/14','RR/MM/DD'),null);
Insert into GENIE.INFO (INFO_NO,INFO_GENRE,INFO_TITLE,INFO_HIT,INFO_DATE,INFO_FILE) values (4,'country',null,5,to_date('20/04/14','RR/MM/DD'),null);
Insert into GENIE.INFO (INFO_NO,INFO_GENRE,INFO_TITLE,INFO_HIT,INFO_DATE,INFO_FILE) values (5,'country',null,5,to_date('20/04/14','RR/MM/DD'),null);
Insert into GENIE.INFO (INFO_NO,INFO_GENRE,INFO_TITLE,INFO_HIT,INFO_DATE,INFO_FILE) values (6,'country',null,3,to_date('20/04/14','RR/MM/DD'),null);
Insert into GENIE.INFO (INFO_NO,INFO_GENRE,INFO_TITLE,INFO_HIT,INFO_DATE,INFO_FILE) values (7,'country',null,5,to_date('20/04/14','RR/MM/DD'),null);
Insert into GENIE.INFO (INFO_NO,INFO_GENRE,INFO_TITLE,INFO_HIT,INFO_DATE,INFO_FILE) values (8,'country',null,7,to_date('20/04/14','RR/MM/DD'),null);
Insert into GENIE.INFO (INFO_NO,INFO_GENRE,INFO_TITLE,INFO_HIT,INFO_DATE,INFO_FILE) values (9,'country',null,4,to_date('20/04/14','RR/MM/DD'),null);
Insert into GENIE.INFO (INFO_NO,INFO_GENRE,INFO_TITLE,INFO_HIT,INFO_DATE,INFO_FILE) values (10,'country',null,7,to_date('20/04/14','RR/MM/DD'),null);
Insert into GENIE.INFO (INFO_NO,INFO_GENRE,INFO_TITLE,INFO_HIT,INFO_DATE,INFO_FILE) values (11,'country',null,6,to_date('20/04/14','RR/MM/DD'),null);
Insert into GENIE.INFO (INFO_NO,INFO_GENRE,INFO_TITLE,INFO_HIT,INFO_DATE,INFO_FILE) values (12,'country',null,5,to_date('20/04/14','RR/MM/DD'),null);
Insert into GENIE.INFO (INFO_NO,INFO_GENRE,INFO_TITLE,INFO_HIT,INFO_DATE,INFO_FILE) values (13,'country',null,6,to_date('20/04/14','RR/MM/DD'),null);
Insert into GENIE.INFO (INFO_NO,INFO_GENRE,INFO_TITLE,INFO_HIT,INFO_DATE,INFO_FILE) values (14,'country',null,11,to_date('20/04/14','RR/MM/DD'),null);
Insert into GENIE.INFO (INFO_NO,INFO_GENRE,INFO_TITLE,INFO_HIT,INFO_DATE,INFO_FILE) values (15,'country',null,9,to_date('20/04/14','RR/MM/DD'),null);
Insert into GENIE.INFO (INFO_NO,INFO_GENRE,INFO_TITLE,INFO_HIT,INFO_DATE,INFO_FILE) values (16,'country',null,13,to_date('20/04/14','RR/MM/DD'),null);
Insert into GENIE.INFO (INFO_NO,INFO_GENRE,INFO_TITLE,INFO_HIT,INFO_DATE,INFO_FILE) values (17,'country',null,24,to_date('20/04/14','RR/MM/DD'),null);
Insert into GENIE.INFO (INFO_NO,INFO_GENRE,INFO_TITLE,INFO_HIT,INFO_DATE,INFO_FILE) values (18,'country',null,17,to_date('20/04/14','RR/MM/DD'),null);
Insert into GENIE.INFO (INFO_NO,INFO_GENRE,INFO_TITLE,INFO_HIT,INFO_DATE,INFO_FILE) values (19,'country',null,27,to_date('20/04/14','RR/MM/DD'),null);
Insert into GENIE.INFO (INFO_NO,INFO_GENRE,INFO_TITLE,INFO_HIT,INFO_DATE,INFO_FILE) values (20,'beans',null,7,to_date('20/04/14','RR/MM/DD'),null);
Insert into GENIE.INFO (INFO_NO,INFO_GENRE,INFO_TITLE,INFO_HIT,INFO_DATE,INFO_FILE) values (21,'beans',null,2,to_date('20/04/14','RR/MM/DD'),null);
Insert into GENIE.INFO (INFO_NO,INFO_GENRE,INFO_TITLE,INFO_HIT,INFO_DATE,INFO_FILE) values (22,'beans',null,6,to_date('20/04/14','RR/MM/DD'),null);
Insert into GENIE.INFO (INFO_NO,INFO_GENRE,INFO_TITLE,INFO_HIT,INFO_DATE,INFO_FILE) values (23,'beans',null,6,to_date('20/04/14','RR/MM/DD'),null);
Insert into GENIE.INFO (INFO_NO,INFO_GENRE,INFO_TITLE,INFO_HIT,INFO_DATE,INFO_FILE) values (24,'beans',null,3,to_date('20/04/14','RR/MM/DD'),null);
Insert into GENIE.INFO (INFO_NO,INFO_GENRE,INFO_TITLE,INFO_HIT,INFO_DATE,INFO_FILE) values (25,'beans',null,2,to_date('20/04/14','RR/MM/DD'),null);
Insert into GENIE.INFO (INFO_NO,INFO_GENRE,INFO_TITLE,INFO_HIT,INFO_DATE,INFO_FILE) values (26,'beans',null,4,to_date('20/04/14','RR/MM/DD'),null);
Insert into GENIE.INFO (INFO_NO,INFO_GENRE,INFO_TITLE,INFO_HIT,INFO_DATE,INFO_FILE) values (27,'beans',null,3,to_date('20/04/14','RR/MM/DD'),null);
Insert into GENIE.INFO (INFO_NO,INFO_GENRE,INFO_TITLE,INFO_HIT,INFO_DATE,INFO_FILE) values (28,'beans',null,3,to_date('20/04/14','RR/MM/DD'),null);
Insert into GENIE.INFO (INFO_NO,INFO_GENRE,INFO_TITLE,INFO_HIT,INFO_DATE,INFO_FILE) values (29,'beans',null,2,to_date('20/04/14','RR/MM/DD'),null);
Insert into GENIE.INFO (INFO_NO,INFO_GENRE,INFO_TITLE,INFO_HIT,INFO_DATE,INFO_FILE) values (30,'beans',null,0,to_date('20/04/14','RR/MM/DD'),null);
Insert into GENIE.INFO (INFO_NO,INFO_GENRE,INFO_TITLE,INFO_HIT,INFO_DATE,INFO_FILE) values (31,'beans',null,0,to_date('20/04/14','RR/MM/DD'),null);
Insert into GENIE.INFO (INFO_NO,INFO_GENRE,INFO_TITLE,INFO_HIT,INFO_DATE,INFO_FILE) values (32,'beans',null,4,to_date('20/04/14','RR/MM/DD'),null);
Insert into GENIE.INFO (INFO_NO,INFO_GENRE,INFO_TITLE,INFO_HIT,INFO_DATE,INFO_FILE) values (33,'beans',null,4,to_date('20/04/14','RR/MM/DD'),null);
Insert into GENIE.INFO (INFO_NO,INFO_GENRE,INFO_TITLE,INFO_HIT,INFO_DATE,INFO_FILE) values (34,'beans',null,3,to_date('20/04/14','RR/MM/DD'),null);
Insert into GENIE.INFO (INFO_NO,INFO_GENRE,INFO_TITLE,INFO_HIT,INFO_DATE,INFO_FILE) values (35,'beans',null,5,to_date('20/04/14','RR/MM/DD'),null);
Insert into GENIE.INFO (INFO_NO,INFO_GENRE,INFO_TITLE,INFO_HIT,INFO_DATE,INFO_FILE) values (36,'beans',null,10,to_date('20/04/14','RR/MM/DD'),null);
Insert into GENIE.INFO (INFO_NO,INFO_GENRE,INFO_TITLE,INFO_HIT,INFO_DATE,INFO_FILE) values (37,'beans',null,6,to_date('20/04/14','RR/MM/DD'),null);
Insert into GENIE.INFO (INFO_NO,INFO_GENRE,INFO_TITLE,INFO_HIT,INFO_DATE,INFO_FILE) values (38,'beans',null,3,to_date('20/04/14','RR/MM/DD'),null);
Insert into GENIE.INFO (INFO_NO,INFO_GENRE,INFO_TITLE,INFO_HIT,INFO_DATE,INFO_FILE) values (39,'beans',null,6,to_date('20/04/14','RR/MM/DD'),null);
Insert into GENIE.INFO (INFO_NO,INFO_GENRE,INFO_TITLE,INFO_HIT,INFO_DATE,INFO_FILE) values (40,'beans',null,5,to_date('20/04/14','RR/MM/DD'),null);
Insert into GENIE.INFO (INFO_NO,INFO_GENRE,INFO_TITLE,INFO_HIT,INFO_DATE,INFO_FILE) values (41,'beans',null,7,to_date('20/04/14','RR/MM/DD'),null);
Insert into GENIE.INFO (INFO_NO,INFO_GENRE,INFO_TITLE,INFO_HIT,INFO_DATE,INFO_FILE) values (42,'beans',null,12,to_date('20/04/14','RR/MM/DD'),null);
Insert into GENIE.INFO (INFO_NO,INFO_GENRE,INFO_TITLE,INFO_HIT,INFO_DATE,INFO_FILE) values (43,'beans',null,16,to_date('20/04/14','RR/MM/DD'),null);
Insert into GENIE.INFO (INFO_NO,INFO_GENRE,INFO_TITLE,INFO_HIT,INFO_DATE,INFO_FILE) values (44,'beans',null,21,to_date('20/04/14','RR/MM/DD'),null);
Insert into GENIE.INFO (INFO_NO,INFO_GENRE,INFO_TITLE,INFO_HIT,INFO_DATE,INFO_FILE) values (45,'beans',null,38,to_date('20/04/14','RR/MM/DD'),null);
Insert into GENIE.INFO (INFO_NO,INFO_GENRE,INFO_TITLE,INFO_HIT,INFO_DATE,INFO_FILE) values (46,'extra',null,7,to_date('20/04/14','RR/MM/DD'),null);
Insert into GENIE.INFO (INFO_NO,INFO_GENRE,INFO_TITLE,INFO_HIT,INFO_DATE,INFO_FILE) values (47,'extra',null,4,to_date('20/04/14','RR/MM/DD'),null);
Insert into GENIE.INFO (INFO_NO,INFO_GENRE,INFO_TITLE,INFO_HIT,INFO_DATE,INFO_FILE) values (48,'country',null,29,to_date('20/04/14','RR/MM/DD'),null);
Insert into GENIE.INFO (INFO_NO,INFO_GENRE,INFO_TITLE,INFO_HIT,INFO_DATE,INFO_FILE) values (49,'extra',null,5,to_date('20/04/14','RR/MM/DD'),null);
Insert into GENIE.INFO (INFO_NO,INFO_GENRE,INFO_TITLE,INFO_HIT,INFO_DATE,INFO_FILE) values (50,'extra',null,4,to_date('20/04/14','RR/MM/DD'),null);
Insert into GENIE.INFO (INFO_NO,INFO_GENRE,INFO_TITLE,INFO_HIT,INFO_DATE,INFO_FILE) values (51,'extra',null,12,to_date('20/04/14','RR/MM/DD'),null);
Insert into GENIE.INFO (INFO_NO,INFO_GENRE,INFO_TITLE,INFO_HIT,INFO_DATE,INFO_FILE) values (52,'info','커피의 시작',23,to_date('20/04/14','RR/MM/DD'),null);
Insert into GENIE.INFO (INFO_NO,INFO_GENRE,INFO_TITLE,INFO_HIT,INFO_DATE,INFO_FILE) values (53,'info','커피의 효능',21,to_date('20/04/14','RR/MM/DD'),null);
REM INSERTING into GENIE.COUNTRY
SET DEFINE OFF;
Insert into GENIE.COUNTRY (INFO_NO,COUN_NO,COUN_7,COUN_ADD,INFO_TITLE,INFO_FILE) values (5,203,'남미','니카라과','니카라과',null);
Insert into GENIE.COUNTRY (INFO_NO,COUN_NO,COUN_7,COUN_ADD,INFO_TITLE,INFO_FILE) values (15,302,'아프리카','르완다','르완다',null);
Insert into GENIE.COUNTRY (INFO_NO,COUN_NO,COUN_7,COUN_ADD,INFO_TITLE,INFO_FILE) values (18,305,'아프리카','케냐','케냐',null);
Insert into GENIE.COUNTRY (INFO_NO,COUN_NO,COUN_7,COUN_ADD,INFO_TITLE,INFO_FILE) values (19,306,'아프리카','탄자니아','탄자니아',null);
Insert into GENIE.COUNTRY (INFO_NO,COUN_NO,COUN_7,COUN_ADD,INFO_TITLE,INFO_FILE) values (48,104,'아시아','베트남','베트남',null);
Insert into GENIE.COUNTRY (INFO_NO,COUN_NO,COUN_7,COUN_ADD,INFO_TITLE,INFO_FILE) values (17,304,'아프리카','짐바브웨','짐바브웨',null);
Insert into GENIE.COUNTRY (INFO_NO,COUN_NO,COUN_7,COUN_ADD,INFO_TITLE,INFO_FILE) values (16,303,'아프리카','말라위','말라위',null);
Insert into GENIE.COUNTRY (INFO_NO,COUN_NO,COUN_7,COUN_ADD,INFO_TITLE,INFO_FILE) values (14,301,'아프리카','에티오피아','에티오피아',null);
Insert into GENIE.COUNTRY (INFO_NO,COUN_NO,COUN_7,COUN_ADD,INFO_TITLE,INFO_FILE) values (13,211,'남미','페루','페루',null);
Insert into GENIE.COUNTRY (INFO_NO,COUN_NO,COUN_7,COUN_ADD,INFO_TITLE,INFO_FILE) values (12,210,'남미','온두라스','온두라스',null);
Insert into GENIE.COUNTRY (INFO_NO,COUN_NO,COUN_7,COUN_ADD,INFO_TITLE,INFO_FILE) values (11,209,'남미','브라질','브라질',null);
Insert into GENIE.COUNTRY (INFO_NO,COUN_NO,COUN_7,COUN_ADD,INFO_TITLE,INFO_FILE) values (10,208,'남미','도미니카','도미니카',null);
Insert into GENIE.COUNTRY (INFO_NO,COUN_NO,COUN_7,COUN_ADD,INFO_TITLE,INFO_FILE) values (9,207,'남미','파나마','파나마',null);
Insert into GENIE.COUNTRY (INFO_NO,COUN_NO,COUN_7,COUN_ADD,INFO_TITLE,INFO_FILE) values (8,206,'남미','코스타리카','코스타리카',null);
Insert into GENIE.COUNTRY (INFO_NO,COUN_NO,COUN_7,COUN_ADD,INFO_TITLE,INFO_FILE) values (7,205,'남미','엘살바도르','엘살바도르',null);
Insert into GENIE.COUNTRY (INFO_NO,COUN_NO,COUN_7,COUN_ADD,INFO_TITLE,INFO_FILE) values (6,204,'남미','멕시코','멕시코',null);
Insert into GENIE.COUNTRY (INFO_NO,COUN_NO,COUN_7,COUN_ADD,INFO_TITLE,INFO_FILE) values (4,202,'남미','과테말라','과테말라',null);
Insert into GENIE.COUNTRY (INFO_NO,COUN_NO,COUN_7,COUN_ADD,INFO_TITLE,INFO_FILE) values (3,201,'남미','콜롬비아','콜롬비아',null);
Insert into GENIE.COUNTRY (INFO_NO,COUN_NO,COUN_7,COUN_ADD,INFO_TITLE,INFO_FILE) values (2,102,'아시아','인도','인도',null);
Insert into GENIE.COUNTRY (INFO_NO,COUN_NO,COUN_7,COUN_ADD,INFO_TITLE,INFO_FILE) values (1,101,'아시아','인도네시아','인도네시아',null);
REM INSERTING into GENIE.EXTRA
SET DEFINE OFF;
Insert into GENIE.EXTRA (INFO_NO,EXTRA_GENRE,INFO_TITLE,INFO_FILE) values (50,'침출식','터키쉬커피',null);
Insert into GENIE.EXTRA (INFO_NO,EXTRA_GENRE,INFO_TITLE,INFO_FILE) values (46,'가압식','에스프레소',null);
Insert into GENIE.EXTRA (INFO_NO,EXTRA_GENRE,INFO_TITLE,INFO_FILE) values (47,'여과식','콜드브루',null);
Insert into GENIE.EXTRA (INFO_NO,EXTRA_GENRE,INFO_TITLE,INFO_FILE) values (49,'여과식','핸드드립',null);
Insert into GENIE.EXTRA (INFO_NO,EXTRA_GENRE,INFO_TITLE,INFO_FILE) values (51,'침출식','프렌치프레스',null);
--------------------------------------------------------
--  DDL for Index SYS_C007223
--------------------------------------------------------

  CREATE UNIQUE INDEX "GENIE"."SYS_C007223" ON "GENIE"."BEANS" ("INFO_NO") 
  PCTFREE 10 INITRANS 2 MAXTRANS 255 COMPUTE STATISTICS 
  STORAGE(INITIAL 65536 NEXT 1048576 MINEXTENTS 1 MAXEXTENTS 2147483645
  PCTINCREASE 0 FREELISTS 1 FREELIST GROUPS 1 BUFFER_POOL DEFAULT FLASH_CACHE DEFAULT CELL_FLASH_CACHE DEFAULT)
  TABLESPACE "SYSTEM" ;
--------------------------------------------------------
--  DDL for Index SYS_C007214
--------------------------------------------------------

  CREATE UNIQUE INDEX "GENIE"."SYS_C007214" ON "GENIE"."INFO" ("INFO_NO") 
  PCTFREE 10 INITRANS 2 MAXTRANS 255 COMPUTE STATISTICS 
  STORAGE(INITIAL 65536 NEXT 1048576 MINEXTENTS 1 MAXEXTENTS 2147483645
  PCTINCREASE 0 FREELISTS 1 FREELIST GROUPS 1 BUFFER_POOL DEFAULT FLASH_CACHE DEFAULT CELL_FLASH_CACHE DEFAULT)
  TABLESPACE "SYSTEM" ;
--------------------------------------------------------
--  DDL for Index SYS_C007228
--------------------------------------------------------

  CREATE UNIQUE INDEX "GENIE"."SYS_C007228" ON "GENIE"."COUNTRY" ("INFO_NO") 
  PCTFREE 10 INITRANS 2 MAXTRANS 255 COMPUTE STATISTICS 
  STORAGE(INITIAL 65536 NEXT 1048576 MINEXTENTS 1 MAXEXTENTS 2147483645
  PCTINCREASE 0 FREELISTS 1 FREELIST GROUPS 1 BUFFER_POOL DEFAULT FLASH_CACHE DEFAULT CELL_FLASH_CACHE DEFAULT)
  TABLESPACE "SYSTEM" ;
--------------------------------------------------------
--  DDL for Index SYS_C007212
--------------------------------------------------------

  CREATE UNIQUE INDEX "GENIE"."SYS_C007212" ON "GENIE"."EXTRA" ("INFO_NO") 
  PCTFREE 10 INITRANS 2 MAXTRANS 255 COMPUTE STATISTICS 
  STORAGE(INITIAL 65536 NEXT 1048576 MINEXTENTS 1 MAXEXTENTS 2147483645
  PCTINCREASE 0 FREELISTS 1 FREELIST GROUPS 1 BUFFER_POOL DEFAULT FLASH_CACHE DEFAULT CELL_FLASH_CACHE DEFAULT)
  TABLESPACE "SYSTEM" ;
--------------------------------------------------------
--  Constraints for Table BEANS
--------------------------------------------------------

  ALTER TABLE "GENIE"."BEANS" ADD PRIMARY KEY ("INFO_NO")
  USING INDEX PCTFREE 10 INITRANS 2 MAXTRANS 255 COMPUTE STATISTICS 
  STORAGE(INITIAL 65536 NEXT 1048576 MINEXTENTS 1 MAXEXTENTS 2147483645
  PCTINCREASE 0 FREELISTS 1 FREELIST GROUPS 1 BUFFER_POOL DEFAULT FLASH_CACHE DEFAULT CELL_FLASH_CACHE DEFAULT)
  TABLESPACE "SYSTEM"  ENABLE;
  ALTER TABLE "GENIE"."BEANS" MODIFY ("INFO_CONT" NOT NULL ENABLE);
  ALTER TABLE "GENIE"."BEANS" MODIFY ("INFO_TITLE" NOT NULL ENABLE);
  ALTER TABLE "GENIE"."BEANS" MODIFY ("BEANS_BODY" NOT NULL ENABLE);
  ALTER TABLE "GENIE"."BEANS" MODIFY ("BEANS_BITTER" NOT NULL ENABLE);
  ALTER TABLE "GENIE"."BEANS" MODIFY ("BEANS_SWEET" NOT NULL ENABLE);
  ALTER TABLE "GENIE"."BEANS" MODIFY ("BEANS_ACIDITY" NOT NULL ENABLE);
  ALTER TABLE "GENIE"."BEANS" MODIFY ("BEANS_AROMA" NOT NULL ENABLE);
  ALTER TABLE "GENIE"."BEANS" MODIFY ("COUN_NO" NOT NULL ENABLE);
--------------------------------------------------------
--  Constraints for Table INFO
--------------------------------------------------------

  ALTER TABLE "GENIE"."INFO" ADD PRIMARY KEY ("INFO_NO")
  USING INDEX PCTFREE 10 INITRANS 2 MAXTRANS 255 COMPUTE STATISTICS 
  STORAGE(INITIAL 65536 NEXT 1048576 MINEXTENTS 1 MAXEXTENTS 2147483645
  PCTINCREASE 0 FREELISTS 1 FREELIST GROUPS 1 BUFFER_POOL DEFAULT FLASH_CACHE DEFAULT CELL_FLASH_CACHE DEFAULT)
  TABLESPACE "SYSTEM"  ENABLE;
  ALTER TABLE "GENIE"."INFO" MODIFY ("INFO_GENRE" NOT NULL ENABLE);
--------------------------------------------------------
--  Constraints for Table COUNTRY
--------------------------------------------------------

  ALTER TABLE "GENIE"."COUNTRY" ADD PRIMARY KEY ("INFO_NO")
  USING INDEX PCTFREE 10 INITRANS 2 MAXTRANS 255 COMPUTE STATISTICS 
  STORAGE(INITIAL 65536 NEXT 1048576 MINEXTENTS 1 MAXEXTENTS 2147483645
  PCTINCREASE 0 FREELISTS 1 FREELIST GROUPS 1 BUFFER_POOL DEFAULT FLASH_CACHE DEFAULT CELL_FLASH_CACHE DEFAULT)
  TABLESPACE "SYSTEM"  ENABLE;
  ALTER TABLE "GENIE"."COUNTRY" MODIFY ("INFO_CONT" NOT NULL ENABLE);
  ALTER TABLE "GENIE"."COUNTRY" MODIFY ("INFO_TITLE" NOT NULL ENABLE);
  ALTER TABLE "GENIE"."COUNTRY" MODIFY ("COUN_7" NOT NULL ENABLE);
  ALTER TABLE "GENIE"."COUNTRY" MODIFY ("COUN_NO" NOT NULL ENABLE);
--------------------------------------------------------
--  Constraints for Table EXTRA
--------------------------------------------------------

  ALTER TABLE "GENIE"."EXTRA" ADD PRIMARY KEY ("INFO_NO")
  USING INDEX PCTFREE 10 INITRANS 2 MAXTRANS 255 COMPUTE STATISTICS 
  STORAGE(INITIAL 65536 NEXT 1048576 MINEXTENTS 1 MAXEXTENTS 2147483645
  PCTINCREASE 0 FREELISTS 1 FREELIST GROUPS 1 BUFFER_POOL DEFAULT FLASH_CACHE DEFAULT CELL_FLASH_CACHE DEFAULT)
  TABLESPACE "SYSTEM"  ENABLE;
  ALTER TABLE "GENIE"."EXTRA" MODIFY ("INFO_CONT" NOT NULL ENABLE);
  ALTER TABLE "GENIE"."EXTRA" MODIFY ("INFO_TITLE" NOT NULL ENABLE);
  ALTER TABLE "GENIE"."EXTRA" MODIFY ("EXTRA_GENRE" NOT NULL ENABLE);
